{"f_sI_xc": 0.1, "f_xI_xc": 0.2, "f_ch_xc": 0.2, "f_pr_xc": 0.2, "f_li_xc": 0.3, "N_xc": 0.0026857142857142856, "N_I": 0.004285714285714286, "N_aa": 0.007, "C_xc": 0.02786, "C_sI": 0.03, "C_ch": 0.0313, "C_pr": 0.03, "C_li": 0.022, "C_xI": 0.03, "C_su": 0.0313, "C_aa": 0.03, "f_fa_li": 0.95, "C_fa": 0.0217, "f_h2_su": 0.19, "f_bu_su": 0.13, "f_pro_su": 0.27, "f_ac_su": 0.41, "N_bac": 0.005714285714285714, "C_bu": 0.025, "C_pro": 0.0268, "C_ac": 0.0313, "C_bac": 0.0313, "Y_su": 0.1, "f_h2_aa": 0.06, "f_va_aa": 0.23, "f_bu_aa": 0.26, "f_pro_aa": 0.05, "f_ac_aa": 0.4, "C_va": 0.024, "Y_aa": 0.08, "Y_fa": 0.06, "Y_c4": 0.06, "Y_pro": 0.04, "C_ch4": 0.0156, "Y_ac": 0.05, "Y_h2": 0.06, "k_dis": 0.5, "k_hyd_ch": 10, "k_hyd_pr": 10, "k_hyd_li": 10, "K_S_IN": 0.0001, "k_m_su": 30, "K_S_su": 0.5, "pH_UL_aa": 5.5, "pH_LL_aa": 4, "k_m_aa": 50, "K_S_aa": 0.3, "k_m_fa": 6, "K_S_fa": 0.4, "K_I_h2_fa": 4.9999999999999996e-06, "k_m_c4": 20, "K_S_c4": 0.2, "K_I_h2_c4": 1e-05, "k_m_pro": 13, "K_S_pro": 0.1, "K_I_h2_pro": 3.5e-06, "k_m_ac": 8, "K_S_ac": 0.15, "K_I_nh3": 0.0018, "k_m_h2": 35, "K_S_h2": 7e-06, "k_dec_X_su": 0.02, "k_dec_X_aa": 0.02, "k_dec_X_fa": 0.02, "k_dec_X_c4": 0.02, "k_dec_X_pro": 0.02, "k_dec_X_ac": 0.02, "k_dec_X_h2": 0.02, "k_m_pr": 13, "Q_ad": 1000.0, "K_w": 2.0787710559543604e-14, "K_a_va": 1.3803842646028839e-05, "K_a_bu": 1.5135612484362071e-05, "K_a_pro": 1.3182567385564074e-05, "K_a_ac": 1.7378008287493764e-05, "K_a_co2": 4.937073397534363e-07, "K_a_IN": 1.1102866527080678e-09, "k_A_B_va": 10000000000, "k_A_B_bu": 10000000000, "k_A_B_pro": 10000000000, "k_A_B_ac": 10000000000, "k_A_B_co2": 10000000000, "k_A_B_IN": 10000000000, "p_gas_h2o": 0.05566774507499009, "k_p": 50000, "k_L_a": 200.0, "K_H_co2": 0.027146692900075386, "K_H_ch4": 0.0011619027336733539, "K_H_h2": 0.0007384654293536963, "V_ad": 3700, "K_pH_aa": 1.778279410038923e-05, "nn_aa": 2.0, "K_pH_ac": 3.162277660168379e-07, "n_ac": 3.0, "K_pH_h2": 3.162277660168379e-06, "n_h2": 3.0}